elapsed_s,timestamp_utc,gpu_uuid,sm_clock_mhz,memory_clock_mhz,temperature_c,power_draw_w,utilization_pct,cumulative_matmuls,interval_throughput_matmuls_per_s
5.082,2026-09-18T22:35:34.462245+00:00,GPU-00b80185-a51c-ac5b-84b1-c291bcf5025f,2400.0,10251.0,74.0,448.04,100.0,1727,339.8452535476421
10.038,2026-09-18T22:35:39.418145+00:00,GPU-00b80185-a51c-ac5b-84b1-c291bcf5025f,2370.0,10251.0,74.0,449.6,100.0,2413,138.42082676699047
15.045,2026-09-18T22:35:44.425971+00:00,GPU-00b80185-a51c-ac5b-84b1-c291bcf5025f,2370.0,10251.0,74.0,449.61,100.0,3106,138.38341958058007
20.046,2026-09-18T22:35:49.426387+00:00,GPU-00b80185-a51c-ac5b-84b1-c291bcf5025f,2370.0,10251.0,74.0,449.7,100.0,3798,138.38848495930415
25.041,2026-09-18T22:35:54.421930+00:00,GPU-00b80185-a51c-ac5b-84b1-c291bcf5025f,2370.0,10251.0,74.0,449.74,100.0,4489,138.32332771213348
30.041,2026-09-18T22:35:59.421919+00:00,GPU-00b80185-a51c-ac5b-84b1-c291bcf5025f,2370.0,10251.0,75.0,449.82,100.0,5181,138.4002903753651
35.035,2026-09-18T22:36:04.415807+00:00,GPU-00b80185-a51c-ac5b-84b1-c291bcf5025f,2370.0,10251.0,75.0,449.78,100.0,5872,138.36913856826772
40.034,2026-09-18T22:36:09.414079+00:00,GPU-00b80185-a51c-ac5b-84b1-c291bcf5025f,2370.0,10251.0,75.0,449.87,100.0,6563,138.24779981596305
45.046,2026-09-18T22:36:14.426830+00:00,GPU-00b80185-a51c-ac5b-84b1-c291bcf5025f,2370.0,10251.0,75.0,449.83,100.0,7257,138.44691004829724
50.046,2026-09-18T22:36:19.426096+00:00,GPU-00b80185-a51c-ac5b-84b1-c291bcf5025f,2370.0,10251.0,75.0,449.86,100.0,7948,138.22029984109452
55.034,2026-09-18T22:36:24.414769+00:00,GPU-00b80185-a51c-ac5b-84b1-c291bcf5025f,2370.0,10251.0,75.0,449.91,100.0,8639,138.5137766832777
60.034,2026-09-18T22:36:29.414585+00:00,GPU-00b80185-a51c-ac5b-84b1-c291bcf5025f,2355.0,10251.0,75.0,450.18,100.0,9329,138.0050933810366
65.034,2026-09-18T22:36:34.414917+00:00,GPU-00b80185-a51c-ac5b-84b1-c291bcf5025f,2355.0,10251.0,75.0,449.81,100.0,10020,138.1907879485344
70.042,2026-09-18T22:36:39.422603+00:00,GPU-00b80185-a51c-ac5b-84b1-c291bcf5025f,2370.0,10251.0,75.0,450.05,100.0,10713,138.38728703510395
75.035,2026-09-18T22:36:44.416013+00:00,GPU-00b80185-a51c-ac5b-84b1-c291bcf5025f,2370.0,10251.0,75.0,450.04,100.0,11402,137.98189656794153
80.043,2026-09-18T22:36:49.423499+00:00,GPU-00b80185-a51c-ac5b-84b1-c291bcf5025f,2370.0,10251.0,75.0,450.19,100.0,12093,137.99338025410847
85.055,2026-09-18T22:36:54.435455+00:00,GPU-00b80185-a51c-ac5b-84b1-c291bcf5025f,2370.0,10251.0,75.0,450.04,100.0,12785,138.06982832477152
90.042,2026-09-18T22:36:59.422210+00:00,GPU-00b80185-a51c-ac5b-84b1-c291bcf5025f,2370.0,10251.0,75.0,450.17,100.0,13472,137.7649554187414
95.041,2026-09-18T22:37:04.421315+00:00,GPU-00b80185-a51c-ac5b-84b1-c291bcf5025f,2370.0,10251.0,76.0,450.24,100.0,14162,138.02470706702852
100.044,2026-09-18T22:37:09.424144+00:00,GPU-00b80185-a51c-ac5b-84b1-c291bcf5025f,2370.0,10251.0,76.0,450.04,100.0,14852,137.92192225165502
105.035,2026-09-18T22:37:14.415871+00:00,GPU-00b80185-a51c-ac5b-84b1-c291bcf5025f,2370.0,10251.0,76.0,450.4,100.0,15541,138.0283983936814
110.04,2026-09-18T22:37:19.420592+00:00,GPU-00b80185-a51c-ac5b-84b1-c291bcf5025f,2370.0,10251.0,76.0,450.15,100.0,16231,137.86981877558736
115.045,2026-09-18T22:37:24.425939+00:00,GPU-00b80185-a51c-ac5b-84b1-c291bcf5025f,2370.0,10251.0,76.0,449.96,100.0,16921,137.85262604351541
120.044,2026-09-18T22:37:29.424925+00:00,GPU-00b80185-a51c-ac5b-84b1-c291bcf5025f,2355.0,10251.0,76.0,449.88,100.0,17610,137.8279316286765
125.036,2026-09-18T22:37:34.416364+00:00,GPU-00b80185-a51c-ac5b-84b1-c291bcf5025f,2355.0,10251.0,76.0,450.12,100.0,18298,137.8359867622709
130.041,2026-09-18T22:37:39.422002+00:00,GPU-00b80185-a51c-ac5b-84b1-c291bcf5025f,2370.0,10251.0,76.0,449.9,100.0,18989,138.04435097107591
135.04,2026-09-18T22:37:44.420201+00:00,GPU-00b80185-a51c-ac5b-84b1-c291bcf5025f,2370.0,10251.0,76.0,450.1,100.0,19678,137.84966040536702
140.039,2026-09-18T22:37:49.419381+00:00,GPU-00b80185-a51c-ac5b-84b1-c291bcf5025f,2370.0,10251.0,76.0,450.02,100.0,20368,138.02262037974572
145.036,2026-09-18T22:37:54.416643+00:00,GPU-00b80185-a51c-ac5b-84b1-c291bcf5025f,2355.0,10251.0,75.0,450.07,100.0,21057,137.87550059551424
150.038,2026-09-18T22:37:59.418732+00:00,GPU-00b80185-a51c-ac5b-84b1-c291bcf5025f,2355.0,10251.0,75.0,450.14,100.0,21747,137.94236045338377
155.04,2026-09-18T22:38:04.420300+00:00,GPU-00b80185-a51c-ac5b-84b1-c291bcf5025f,2355.0,10251.0,75.0,449.95,100.0,22437,137.95676746960592
160.042,2026-09-18T22:38:09.422200+00:00,GPU-00b80185-a51c-ac5b-84b1-c291bcf5025f,2370.0,10251.0,75.0,450.07,100.0,23128,138.14747877844331
165.039,2026-09-18T22:38:14.419252+00:00,GPU-00b80185-a51c-ac5b-84b1-c291bcf5025f,2370.0,10251.0,75.0,450.03,100.0,23818,138.08142724088134
170.037,2026-09-18T22:38:19.417945+00:00,GPU-00b80185-a51c-ac5b-84b1-c291bcf5025f,2370.0,10251.0,75.0,449.8,100.0,24508,138.03606975852378
175.047,2026-09-18T22:38:24.427340+00:00,GPU-00b80185-a51c-ac5b-84b1-c291bcf5025f,2370.0,10251.0,75.0,449.95,100.0,25200,138.14045046950102
180.043,2026-09-18T22:38:29.423338+00:00,GPU-00b80185-a51c-ac5b-84b1-c291bcf5025f,2370.0,10251.0,75.0,450.02,100.0,25890,138.1105396942505
185.034,2026-09-18T22:38:34.414892+00:00,GPU-00b80185-a51c-ac5b-84b1-c291bcf5025f,2370.0,10251.0,75.0,449.89,100.0,26579,138.03316501955115
190.036,2026-09-18T22:38:39.416444+00:00,GPU-00b80185-a51c-ac5b-84b1-c291bcf5025f,2370.0,10251.0,75.0,450.32,100.0,27269,137.95716204456167
195.034,2026-09-18T22:38:44.414971+00:00,GPU-00b80185-a51c-ac5b-84b1-c291bcf5025f,2370.0,10251.0,75.0,450.09,100.0,27959,138.04067856757868
200.035,2026-09-18T22:38:49.415520+00:00,GPU-00b80185-a51c-ac5b-84b1-c291bcf5025f,2370.0,10251.0,75.0,450.06,100.0,28649,137.9848602693806
205.034,2026-09-18T22:38:54.414030+00:00,GPU-00b80185-a51c-ac5b-84b1-c291bcf5025f,2370.0,10251.0,75.0,450.0,100.0,29339,138.04111971258376
210.039,2026-09-18T22:38:59.419282+00:00,GPU-00b80185-a51c-ac5b-84b1-c291bcf5025f,2370.0,10251.0,75.0,449.76,100.0,30030,138.05499680449427
215.041,2026-09-18T22:39:04.421985+00:00,GPU-00b80185-a51c-ac5b-84b1-c291bcf5025f,2340.0,10251.0,75.0,449.77,100.0,30721,138.12533737066107
220.033,2026-09-18T22:39:09.413772+00:00,GPU-00b80185-a51c-ac5b-84b1-c291bcf5025f,2370.0,10251.0,75.0,449.86,100.0,31409,137.82636849577275
225.041,2026-09-18T22:39:14.421924+00:00,GPU-00b80185-a51c-ac5b-84b1-c291bcf5025f,2370.0,10251.0,75.0,449.79,100.0,32098,137.57572256074397
230.038,2026-09-18T22:39:19.418544+00:00,GPU-00b80185-a51c-ac5b-84b1-c291bcf5025f,2370.0,10251.0,75.0,449.48,100.0,32784,137.2927919403535
235.04,2026-09-18T22:39:24.420586+00:00,GPU-00b80185-a51c-ac5b-84b1-c291bcf5025f,2370.0,10251.0,75.0,450.0,100.0,33470,137.14402810399332
240.049,2026-09-18T22:39:29.429646+00:00,GPU-00b80185-a51c-ac5b-84b1-c291bcf5025f,2370.0,10251.0,75.0,450.2,100.0,34159,137.5507016839835
245.043,2026-09-18T22:39:34.423347+00:00,GPU-00b80185-a51c-ac5b-84b1-c291bcf5025f,2370.0,10251.0,75.0,449.88,100.0,34841,136.5720735501965
250.038,2026-09-18T22:39:39.418210+00:00,GPU-00b80185-a51c-ac5b-84b1-c291bcf5025f,2385.0,10251.0,75.0,449.68,100.0,35523,136.54031967972458
255.042,2026-09-18T22:39:44.422945+00:00,GPU-00b80185-a51c-ac5b-84b1-c291bcf5025f,2370.0,10251.0,75.0,449.98,100.0,36206,136.47072987323133
260.034,2026-09-18T22:39:49.414838+00:00,GPU-00b80185-a51c-ac5b-84b1-c291bcf5025f,2370.0,10251.0,75.0,449.74,100.0,36887,136.42119838857676
265.034,2026-09-18T22:39:54.414760+00:00,GPU-00b80185-a51c-ac5b-84b1-c291bcf5025f,2385.0,10251.0,75.0,449.78,100.0,37570,136.60211695137068
270.041,2026-09-18T22:39:59.421842+00:00,GPU-00b80185-a51c-ac5b-84b1-c291bcf5025f,2385.0,10251.0,75.0,449.63,100.0,38254,136.6065044300987
275.04,2026-09-18T22:40:04.420660+00:00,GPU-00b80185-a51c-ac5b-84b1-c291bcf5025f,2385.0,10251.0,75.0,449.84,100.0,38937,136.6323020436064
280.039,2026-09-18T22:40:09.419346+00:00,GPU-00b80185-a51c-ac5b-84b1-c291bcf5025f,2370.0,10251.0,74.0,449.63,100.0,39619,136.4358663049192
285.041,2026-09-18T22:40:14.422012+00:00,GPU-00b80185-a51c-ac5b-84b1-c291bcf5025f,2385.0,10251.0,75.0,449.96,100.0,40303,136.72711023843453
290.043,2026-09-18T22:40:19.423747+00:00,GPU-00b80185-a51c-ac5b-84b1-c291bcf5025f,2385.0,10251.0,75.0,449.99,100.0,40986,136.5526235156679
295.042,2026-09-18T22:40:24.422481+00:00,GPU-00b80185-a51c-ac5b-84b1-c291bcf5025f,2385.0,10251.0,75.0,449.77,100.0,41669,136.6345764015657
300.043,2026-09-18T22:40:29.423079+00:00,GPU-00b80185-a51c-ac5b-84b1-c291bcf5025f,2385.0,10251.0,74.0,449.61,100.0,42353,136.78362237568925
305.041,2026-09-18T22:40:34.421443+00:00,GPU-00b80185-a51c-ac5b-84b1-c291bcf5025f,2370.0,10251.0,75.0,449.58,100.0,43035,136.44463895167576
310.042,2026-09-18T22:40:39.422585+00:00,GPU-00b80185-a51c-ac5b-84b1-c291bcf5025f,2370.0,10251.0,74.0,449.89,100.0,43718,136.56883304429292
315.032,2026-09-18T22:40:44.412807+00:00,GPU-00b80185-a51c-ac5b-84b1-c291bcf5025f,2385.0,10251.0,75.0,449.3,100.0,44400,136.6672606003036
320.039,2026-09-18T22:40:49.419675+00:00,GPU-00b80185-a51c-ac5b-84b1-c291bcf5025f,2400.0,10251.0,75.0,449.61,100.0,45083,136.41263972879656
325.072,2026-09-18T22:40:54.452917+00:00,GPU-00b80185-a51c-ac5b-84b1-c291bcf5025f,2370.0,10251.0,74.0,449.64,100.0,45770,136.49253039264127
330.04,2026-09-18T22:40:59.420904+00:00,GPU-00b80185-a51c-ac5b-84b1-c291bcf5025f,2370.0,10251.0,74.0,449.87,100.0,46449,136.67509385237827
335.04,2026-09-18T22:41:04.420476+00:00,GPU-00b80185-a51c-ac5b-84b1-c291bcf5025f,2385.0,10251.0,75.0,449.97,100.0,47132,136.61166033134427
340.036,2026-09-18T22:41:09.416769+00:00,GPU-00b80185-a51c-ac5b-84b1-c291bcf5025f,2385.0,10251.0,75.0,449.58,100.0,47814,136.50121316264529
345.04,2026-09-18T22:41:14.420464+00:00,GPU-00b80185-a51c-ac5b-84b1-c291bcf5025f,2385.0,10251.0,74.0,449.83,100.0,48497,136.4991138332169
350.034,2026-09-18T22:41:19.414098+00:00,GPU-00b80185-a51c-ac5b-84b1-c291bcf5025f,2370.0,10251.0,75.0,449.79,100.0,49179,136.5739449534276
355.035,2026-09-18T22:41:24.415529+00:00,GPU-00b80185-a51c-ac5b-84b1-c291bcf5025f,2385.0,10251.0,75.0,450.05,100.0,49862,136.56088403556817
360.035,2026-09-18T22:41:29.415661+00:00,GPU-00b80185-a51c-ac5b-84b1-c291bcf5025f,2370.0,10251.0,74.0,449.76,100.0,50545,136.59638505012023
365.041,2026-09-18T22:41:34.421772+00:00,GPU-00b80185-a51c-ac5b-84b1-c291bcf5025f,2385.0,10251.0,74.0,449.74,100.0,51228,136.43327981653889
370.035,2026-09-18T22:41:39.415343+00:00,GPU-00b80185-a51c-ac5b-84b1-c291bcf5025f,2385.0,10251.0,75.0,449.65,100.0,51910,136.57558817903916
375.037,2026-09-18T22:41:44.417186+00:00,GPU-00b80185-a51c-ac5b-84b1-c291bcf5025f,2385.0,10251.0,75.0,449.61,100.0,52592,136.34973565071508
380.034,2026-09-18T22:41:49.414820+00:00,GPU-00b80185-a51c-ac5b-84b1-c291bcf5025f,2385.0,10251.0,75.0,449.71,100.0,53275,136.66467804573077
385.036,2026-09-18T22:41:54.416265+00:00,GPU-00b80185-a51c-ac5b-84b1-c291bcf5025f,2370.0,10251.0,75.0,449.59,100.0,53958,136.56049995457056
390.04,2026-09-18T22:41:59.420680+00:00,GPU-00b80185-a51c-ac5b-84b1-c291bcf5025f,2400.0,10251.0,74.0,449.81,100.0,54641,136.47952016083062
395.037,2026-09-18T22:42:04.417436+00:00,GPU-00b80185-a51c-ac5b-84b1-c291bcf5025f,2385.0,10251.0,74.0,449.76,100.0,55323,136.4885712130374
400.038,2026-09-18T22:42:09.418510+00:00,GPU-00b80185-a51c-ac5b-84b1-c291bcf5025f,2370.0,10251.0,75.0,450.03,100.0,56006,136.57063000005243
405.039,2026-09-18T22:42:14.419405+00:00,GPU-00b80185-a51c-ac5b-84b1-c291bcf5025f,2370.0,10251.0,75.0,449.8,100.0,56689,136.57557838349638
410.034,2026-09-18T22:42:19.414269+00:00,GPU-00b80185-a51c-ac5b-84b1-c291bcf5025f,2385.0,10251.0,74.0,449.68,100.0,57371,136.54022191807985
415.034,2026-09-18T22:42:24.414844+00:00,GPU-00b80185-a51c-ac5b-84b1-c291bcf5025f,2385.0,10251.0,75.0,449.76,100.0,58054,136.58429101419802
420.035,2026-09-18T22:42:29.415192+00:00,GPU-00b80185-a51c-ac5b-84b1-c291bcf5025f,2370.0,10251.0,75.0,449.73,100.0,58737,136.59049081246442
425.039,2026-09-18T22:42:34.419838+00:00,GPU-00b80185-a51c-ac5b-84b1-c291bcf5025f,2370.0,10251.0,75.0,449.52,100.0,59421,136.6730147508421
430.036,2026-09-18T22:42:39.416868+00:00,GPU-00b80185-a51c-ac5b-84b1-c291bcf5025f,2385.0,10251.0,75.0,449.53,100.0,60102,136.28099586164566
435.036,2026-09-18T22:42:44.416746+00:00,GPU-00b80185-a51c-ac5b-84b1-c291bcf5025f,2385.0,10251.0,75.0,449.7,100.0,60785,136.6033220145334
440.037,2026-09-18T22:42:49.417236+00:00,GPU-00b80185-a51c-ac5b-84b1-c291bcf5025f,2385.0,10251.0,75.0,449.64,100.0,61468,136.58657028637265
445.034,2026-09-18T22:42:54.414587+00:00,GPU-00b80185-a51c-ac5b-84b1-c291bcf5025f,2385.0,10251.0,75.0,449.88,100.0,62150,136.47231141683883
450.038,2026-09-18T22:42:59.418933+00:00,GPU-00b80185-a51c-ac5b-84b1-c291bcf5025f,2385.0,10251.0,75.0,449.84,100.0,62834,136.6812256500127
455.04,2026-09-18T22:43:04.420382+00:00,GPU-00b80185-a51c-ac5b-84b1-c291bcf5025f,2385.0,10251.0,74.0,449.73,100.0,63516,136.36044728275198
460.033,2026-09-18T22:43:09.413832+00:00,GPU-00b80185-a51c-ac5b-84b1-c291bcf5025f,2370.0,10251.0,75.0,449.76,100.0,64198,136.5789334390754
465.04,2026-09-18T22:43:14.420129+00:00,GPU-00b80185-a51c-ac5b-84b1-c291bcf5025f,2370.0,10251.0,75.0,449.63,100.0,64881,136.4281728111048
470.034,2026-09-18T22:43:19.414629+00:00,GPU-00b80185-a51c-ac5b-84b1-c291bcf5025f,2370.0,10251.0,74.0,449.75,100.0,65563,136.55022040056522
475.039,2026-09-18T22:43:24.419969+00:00,GPU-00b80185-a51c-ac5b-84b1-c291bcf5025f,2385.0,10251.0,74.0,449.57,100.0,66246,136.45427063467957
480.04,2026-09-18T22:43:29.420622+00:00,GPU-00b80185-a51c-ac5b-84b1-c291bcf5025f,2385.0,10251.0,75.0,449.65,100.0,66929,136.58219415098148
485.041,2026-09-18T22:43:34.421720+00:00,GPU-00b80185-a51c-ac5b-84b1-c291bcf5025f,2385.0,10251.0,75.0,449.94,100.0,67611,136.37001637718606
490.041,2026-09-18T22:43:39.421324+00:00,GPU-00b80185-a51c-ac5b-84b1-c291bcf5025f,2385.0,10251.0,75.0,449.76,100.0,68293,136.41077807709092
495.076,2026-09-18T22:43:44.456415+00:00,GPU-00b80185-a51c-ac5b-84b1-c291bcf5025f,2370.0,10251.0,75.0,449.53,100.0,68980,136.44244773044247
500.033,2026-09-18T22:43:49.413594+00:00,GPU-00b80185-a51c-ac5b-84b1-c291bcf5025f,2370.0,10251.0,75.0,449.65,100.0,69657,136.56954841843648
505.037,2026-09-18T22:43:54.417568+00:00,GPU-00b80185-a51c-ac5b-84b1-c291bcf5025f,2385.0,10251.0,75.0,449.42,100.0,70340,136.49155662934504
510.035,2026-09-18T22:43:59.415604+00:00,GPU-00b80185-a51c-ac5b-84b1-c291bcf5025f,2385.0,10251.0,75.0,449.64,100.0,71022,136.45357545567998
515.033,2026-09-18T22:44:04.413064+00:00,GPU-00b80185-a51c-ac5b-84b1-c291bcf5025f,2370.0,10251.0,75.0,449.45,100.0,71704,136.46938805984888
520.038,2026-09-18T22:44:09.418823+00:00,GPU-00b80185-a51c-ac5b-84b1-c291bcf5025f,2370.0,10251.0,74.0,449.66,100.0,72388,136.64256945785328
525.036,2026-09-18T22:44:14.416399+00:00,GPU-00b80185-a51c-ac5b-84b1-c291bcf5025f,2385.0,10251.0,75.0,449.71,100.0,73069,136.26608133541018
530.036,2026-09-18T22:44:19.416818+00:00,GPU-00b80185-a51c-ac5b-84b1-c291bcf5025f,2385.0,10251.0,75.0,449.94,100.0,73752,136.58856959630768
535.036,2026-09-18T22:44:24.416219+00:00,GPU-00b80185-a51c-ac5b-84b1-c291bcf5025f,2370.0,10251.0,74.0,449.71,100.0,74435,136.61639668800657
540.036,2026-09-18T22:44:29.416248+00:00,GPU-00b80185-a51c-ac5b-84b1-c291bcf5025f,2370.0,10251.0,74.0,449.57,100.0,75117,136.39917398952977
545.035,2026-09-18T22:44:34.415425+00:00,GPU-00b80185-a51c-ac5b-84b1-c291bcf5025f,2340.0,10251.0,74.0,447.8,100.0,75783,133.22190347305178
550.036,2026-09-18T22:44:39.416225+00:00,GPU-00b80185-a51c-ac5b-84b1-c291bcf5025f,2370.0,10251.0,74.0,449.23,100.0,76465,136.37818237295812
555.042,2026-09-18T22:44:44.422426+00:00,GPU-00b80185-a51c-ac5b-84b1-c291bcf5025f,2370.0,10251.0,75.0,449.7,100.0,77147,136.23105844797817
560.042,2026-09-18T22:44:49.422075+00:00,GPU-00b80185-a51c-ac5b-84b1-c291bcf5025f,2385.0,10251.0,75.0,449.81,100.0,77829,136.4095616367152
565.041,2026-09-18T22:44:54.421853+00:00,GPU-00b80185-a51c-ac5b-84b1-c291bcf5025f,2385.0,10251.0,75.0,449.64,100.0,78511,136.40606205224194
570.04,2026-09-18T22:44:59.420404+00:00,GPU-00b80185-a51c-ac5b-84b1-c291bcf5025f,2385.0,10251.0,75.0,449.9,100.0,79194,136.63960762857315
575.04,2026-09-18T22:45:04.420750+00:00,GPU-00b80185-a51c-ac5b-84b1-c291bcf5025f,2385.0,10251.0,75.0,449.73,100.0,79877,136.59055593938294
580.041,2026-09-18T22:45:09.421719+00:00,GPU-00b80185-a51c-ac5b-84b1-c291bcf5025f,2385.0,10251.0,74.0,449.74,100.0,80559,136.37358562923308
585.033,2026-09-18T22:45:14.413639+00:00,GPU-00b80185-a51c-ac5b-84b1-c291bcf5025f,2370.0,10251.0,75.0,449.49,100.0,81240,136.42042954805686
590.034,2026-09-18T22:45:19.414986+00:00,GPU-00b80185-a51c-ac5b-84b1-c291bcf5025f,2385.0,10251.0,75.0,449.77,100.0,81923,136.56321460727136
595.034,2026-09-18T22:45:24.414191+00:00,GPU-00b80185-a51c-ac5b-84b1-c291bcf5025f,2385.0,10251.0,75.0,449.62,100.0,82605,136.42168798006657
600.033,2026-09-18T22:45:29.413992+00:00,GPU-00b80185-a51c-ac5b-84b1-c291bcf5025f,2370.0,10251.0,74.0,449.66,100.0,83287,136.40541159164638
605.032,2026-09-18T22:45:34.412885+00:00,GPU-00b80185-a51c-ac5b-84b1-c291bcf5025f,2370.0,10251.0,74.0,449.46,100.0,83969,136.4302375671488
610.037,2026-09-18T22:45:39.417295+00:00,GPU-00b80185-a51c-ac5b-84b1-c291bcf5025f,2370.0,10251.0,74.0,449.73,100.0,84652,136.47965670529393
615.032,2026-09-18T22:45:44.412899+00:00,GPU-00b80185-a51c-ac5b-84b1-c291bcf5025f,2385.0,10251.0,74.0,449.6,100.0,85334,136.51999478644842
620.036,2026-09-18T22:45:49.416365+00:00,GPU-00b80185-a51c-ac5b-84b1-c291bcf5025f,2370.0,10251.0,74.0,449.59,100.0,86017,136.50535793760238
625.035,2026-09-18T22:45:54.415205+00:00,GPU-00b80185-a51c-ac5b-84b1-c291bcf5025f,2370.0,10251.0,74.0,449.86,100.0,86699,136.43166260251456
630.034,2026-09-18T22:45:59.414124+00:00,GPU-00b80185-a51c-ac5b-84b1-c291bcf5025f,2370.0,10251.0,74.0,449.64,100.0,87382,136.62951296299565
635.035,2026-09-18T22:46:04.415464+00:00,GPU-00b80185-a51c-ac5b-84b1-c291bcf5025f,2385.0,10251.0,74.0,449.7,100.0,88064,136.36348298452182
640.034,2026-09-18T22:46:09.415001+00:00,GPU-00b80185-a51c-ac5b-84b1-c291bcf5025f,2370.0,10251.0,74.0,449.54,100.0,88747,136.61265708888644
645.035,2026-09-18T22:46:14.415401+00:00,GPU-00b80185-a51c-ac5b-84b1-c291bcf5025f,2370.0,10251.0,74.0,449.39,100.0,89429,136.38911307452742
650.036,2026-09-18T22:46:19.416156+00:00,GPU-00b80185-a51c-ac5b-84b1-c291bcf5025f,2370.0,10251.0,74.0,449.69,100.0,90112,136.57932246452214
655.039,2026-09-18T22:46:24.419470+00:00,GPU-00b80185-a51c-ac5b-84b1-c291bcf5025f,2370.0,10251.0,74.0,449.53,100.0,90795,136.50954701112428
660.036,2026-09-18T22:46:29.416932+00:00,GPU-00b80185-a51c-ac5b-84b1-c291bcf5025f,2385.0,10251.0,74.0,449.74,100.0,91477,136.4692448250858
665.035,2026-09-18T22:46:34.415099+00:00,GPU-00b80185-a51c-ac5b-84b1-c291bcf5025f,2385.0,10251.0,74.0,449.54,100.0,92159,136.45004106835637
670.038,2026-09-18T22:46:39.418093+00:00,GPU-00b80185-a51c-ac5b-84b1-c291bcf5025f,2370.0,10251.0,74.0,450.0,100.0,92843,136.71813152810432
675.038,2026-09-18T22:46:44.418455+00:00,GPU-00b80185-a51c-ac5b-84b1-c291bcf5025f,2370.0,10251.0,74.0,449.54,100.0,93526,136.59013261552275
680.039,2026-09-18T22:46:49.419316+00:00,GPU-00b80185-a51c-ac5b-84b1-c291bcf5025f,2385.0,10251.0,74.0,449.67,100.0,94209,136.5764378761179
685.04,2026-09-18T22:46:54.420760+00:00,GPU-00b80185-a51c-ac5b-84b1-c291bcf5025f,2385.0,10251.0,74.0,449.54,100.0,94893,136.76052687315163
690.04,2026-09-18T22:46:59.420988+00:00,GPU-00b80185-a51c-ac5b-84b1-c291bcf5025f,2370.0,10251.0,74.0,449.61,100.0,95576,136.59379282548127
695.04,2026-09-18T22:47:04.420568+00:00,GPU-00b80185-a51c-ac5b-84b1-c291bcf5025f,2385.0,10251.0,74.0,449.56,100.0,96259,136.6114779197738
700.039,2026-09-18T22:47:09.419769+00:00,GPU-00b80185-a51c-ac5b-84b1-c291bcf5025f,2385.0,10251.0,74.0,449.89,100.0,96942,136.62177842165298
705.041,2026-09-18T22:47:14.421543+00:00,GPU-00b80185-a51c-ac5b-84b1-c291bcf5025f,2385.0,10251.0,74.0,449.77,100.0,97626,136.75151769952316
710.041,2026-09-18T22:47:19.421331+00:00,GPU-00b80185-a51c-ac5b-84b1-c291bcf5025f,2385.0,10251.0,73.0,449.52,100.0,98310,136.8057927867887
715.04,2026-09-18T22:47:24.420803+00:00,GPU-00b80185-a51c-ac5b-84b1-c291bcf5025f,2370.0,10251.0,74.0,449.56,100.0,98994,136.81446331334905
720.049,2026-09-18T22:47:29.429446+00:00,GPU-00b80185-a51c-ac5b-84b1-c291bcf5025f,2370.0,10251.0,74.0,449.57,100.0,99679,136.7635798425659
725.04,2026-09-18T22:47:34.420528+00:00,GPU-00b80185-a51c-ac5b-84b1-c291bcf5025f,2385.0,10251.0,74.0,449.77,100.0,100362,136.84408945341988
730.033,2026-09-18T22:47:39.413581+00:00,GPU-00b80185-a51c-ac5b-84b1-c291bcf5025f,2385.0,10251.0,73.0,449.73,100.0,101045,136.79003108814823
735.039,2026-09-18T22:47:44.419481+00:00,GPU-00b80185-a51c-ac5b-84b1-c291bcf5025f,2370.0,10251.0,74.0,449.61,100.0,101730,136.83854613373123
740.044,2026-09-18T22:47:49.424177+00:00,GPU-00b80185-a51c-ac5b-84b1-c291bcf5025f,2385.0,10251.0,74.0,449.59,100.0,102414,136.67162140512184
745.035,2026-09-18T22:47:54.415954+00:00,GPU-00b80185-a51c-ac5b-84b1-c291bcf5025f,2385.0,10251.0,74.0,449.71,100.0,103098,137.02534690806925
750.039,2026-09-18T22:47:59.419423+00:00,GPU-00b80185-a51c-ac5b-84b1-c291bcf5025f,2385.0,10251.0,74.0,449.63,100.0,103782,136.7051542284954
755.033,2026-09-18T22:48:04.413944+00:00,GPU-00b80185-a51c-ac5b-84b1-c291bcf5025f,2385.0,10251.0,74.0,449.92,100.0,104465,136.7498857915308
760.035,2026-09-18T22:48:09.415422+00:00,GPU-00b80185-a51c-ac5b-84b1-c291bcf5025f,2385.0,10251.0,74.0,449.67,100.0,105148,136.55964066253537
765.034,2026-09-18T22:48:14.414747+00:00,GPU-00b80185-a51c-ac5b-84b1-c291bcf5025f,2385.0,10251.0,74.0,449.73,100.0,105831,136.6183903558719
770.034,2026-09-18T22:48:19.414739+00:00,GPU-00b80185-a51c-ac5b-84b1-c291bcf5025f,2385.0,10251.0,74.0,449.55,100.0,106514,136.60022797622582
775.034,2026-09-18T22:48:24.414473+00:00,GPU-00b80185-a51c-ac5b-84b1-c291bcf5025f,2385.0,10251.0,73.0,449.83,100.0,107198,136.80729325074455
780.032,2026-09-18T22:48:29.412560+00:00,GPU-00b80185-a51c-ac5b-84b1-c291bcf5025f,2385.0,10251.0,74.0,449.61,100.0,107881,136.6522981331261
785.033,2026-09-18T22:48:34.413573+00:00,GPU-00b80185-a51c-ac5b-84b1-c291bcf5025f,2370.0,10251.0,74.0,449.48,100.0,108565,136.77226926379635
790.034,2026-09-18T22:48:39.414089+00:00,GPU-00b80185-a51c-ac5b-84b1-c291bcf5025f,2385.0,10251.0,74.0,449.57,100.0,109249,136.78587235453034
795.032,2026-09-18T22:48:44.412703+00:00,GPU-00b80185-a51c-ac5b-84b1-c291bcf5025f,2385.0,10251.0,74.0,449.99,100.0,109933,136.83796864221233
800.038,2026-09-18T22:48:49.418665+00:00,GPU-00b80185-a51c-ac5b-84b1-c291bcf5025f,2385.0,10251.0,74.0,449.9,100.0,110617,136.63706380407274
805.041,2026-09-18T22:48:54.421547+00:00,GPU-00b80185-a51c-ac5b-84b1-c291bcf5025f,2400.0,10251.0,74.0,450.26,100.0,111301,136.72119380041792
810.035,2026-09-18T22:48:59.415395+00:00,GPU-00b80185-a51c-ac5b-84b1-c291bcf5025f,2370.0,10251.0,74.0,449.81,100.0,111984,136.76827082270466
815.038,2026-09-18T22:49:04.418579+00:00,GPU-00b80185-a51c-ac5b-84b1-c291bcf5025f,2370.0,10251.0,74.0,449.57,100.0,112671,137.31256370660125
820.035,2026-09-18T22:49:09.415673+00:00,GPU-00b80185-a51c-ac5b-84b1-c291bcf5025f,2370.0,10251.0,74.0,449.76,100.0,113359,137.68000880562374
825.039,2026-09-18T22:49:14.419552+00:00,GPU-00b80185-a51c-ac5b-84b1-c291bcf5025f,2370.0,10251.0,74.0,449.9,100.0,114049,137.8930140861418
830.033,2026-09-18T22:49:19.413544+00:00,GPU-00b80185-a51c-ac5b-84b1-c291bcf5025f,2370.0,10251.0,74.0,449.76,100.0,114738,137.96577718827092
835.036,2026-09-18T22:49:24.416543+00:00,GPU-00b80185-a51c-ac5b-84b1-c291bcf5025f,2370.0,10251.0,74.0,449.76,100.0,115430,138.31704217164827
840.035,2026-09-18T22:49:29.415167+00:00,GPU-00b80185-a51c-ac5b-84b1-c291bcf5025f,2370.0,10251.0,74.0,449.63,100.0,116120,138.03801858879893
845.034,2026-09-18T22:49:34.414421+00:00,GPU-00b80185-a51c-ac5b-84b1-c291bcf5025f,2370.0,10251.0,74.0,449.67,100.0,116809,137.82053028758136
850.035,2026-09-18T22:49:39.415688+00:00,GPU-00b80185-a51c-ac5b-84b1-c291bcf5025f,2370.0,10251.0,74.0,449.73,100.0,117499,137.96502770961263
855.038,2026-09-18T22:49:44.418347+00:00,GPU-00b80185-a51c-ac5b-84b1-c291bcf5025f,2370.0,10251.0,74.0,449.87,100.0,118189,137.92666805511405
860.04,2026-09-18T22:49:49.420095+00:00,GPU-00b80185-a51c-ac5b-84b1-c291bcf5025f,2370.0,10251.0,74.0,449.72,100.0,118879,137.95177629127545
865.04,2026-09-18T22:49:54.420815+00:00,GPU-00b80185-a51c-ac5b-84b1-c291bcf5025f,2370.0,10251.0,74.0,449.58,100.0,119569,137.98014335285956
870.034,2026-09-18T22:49:59.414137+00:00,GPU-00b80185-a51c-ac5b-84b1-c291bcf5025f,2370.0,10251.0,74.0,449.94,100.0,120258,137.98429470513778
875.034,2026-09-18T22:50:04.414813+00:00,GPU-00b80185-a51c-ac5b-84b1-c291bcf5025f,2370.0,10251.0,74.0,449.59,100.0,120947,137.7813611163384
880.039,2026-09-18T22:50:09.419457+00:00,GPU-00b80185-a51c-ac5b-84b1-c291bcf5025f,2370.0,10251.0,74.0,449.65,100.0,121638,138.07177439317314
885.039,2026-09-18T22:50:14.419778+00:00,GPU-00b80185-a51c-ac5b-84b1-c291bcf5025f,2370.0,10251.0,74.0,449.62,100.0,122330,138.39109794658995
890.039,2026-09-18T22:50:19.419663+00:00,GPU-00b80185-a51c-ac5b-84b1-c291bcf5025f,2370.0,10251.0,74.0,449.61,100.0,123020,138.0031718029408
895.04,2026-09-18T22:50:24.420893+00:00,GPU-00b80185-a51c-ac5b-84b1-c291bcf5025f,2370.0,10251.0,74.0,449.74,100.0,123710,137.96606030916524
900.041,2026-09-18T22:50:29.421497+00:00,GPU-00b80185-a51c-ac5b-84b1-c291bcf5025f,2370.0,10251.0,74.0,449.73,100.0,124400,137.98331424308202
905.04,2026-09-18T22:50:34.420943+00:00,GPU-00b80185-a51c-ac5b-84b1-c291bcf5025f,2370.0,10251.0,74.0,449.76,100.0,125090,138.01529443475087
910.055,2026-09-18T22:50:39.435057+00:00,GPU-00b80185-a51c-ac5b-84b1-c291bcf5025f,2370.0,10251.0,74.0,449.92,100.0,125782,138.01043340557527
915.033,2026-09-18T22:50:44.413588+00:00,GPU-00b80185-a51c-ac5b-84b1-c291bcf5025f,2370.0,10251.0,74.0,449.83,100.0,126469,137.9925022534329
920.036,2026-09-18T22:50:49.416325+00:00,GPU-00b80185-a51c-ac5b-84b1-c291bcf5025f,2370.0,10251.0,74.0,449.55,100.0,127159,137.92449230689166
925.034,2026-09-18T22:50:54.414724+00:00,GPU-00b80185-a51c-ac5b-84b1-c291bcf5025f,2370.0,10251.0,74.0,449.57,100.0,127849,138.0442341448523
930.037,2026-09-18T22:50:59.417803+00:00,GPU-00b80185-a51c-ac5b-84b1-c291bcf5025f,2370.0,10251.0,74.0,449.62,100.0,128540,138.11492421193267
935.033,2026-09-18T22:51:04.413650+00:00,GPU-00b80185-a51c-ac5b-84b1-c291bcf5025f,2370.0,10251.0,74.0,449.62,100.0,129229,137.91453902846618
940.035,2026-09-18T22:51:09.415418+00:00,GPU-00b80185-a51c-ac5b-84b1-c291bcf5025f,2370.0,10251.0,74.0,449.72,100.0,129920,138.15115982537532
945.04,2026-09-18T22:51:14.420045+00:00,GPU-00b80185-a51c-ac5b-84b1-c291bcf5025f,2370.0,10251.0,74.0,449.71,100.0,130610,137.87243943489287
950.035,2026-09-18T22:51:19.415500+00:00,GPU-00b80185-a51c-ac5b-84b1-c291bcf5025f,2370.0,10251.0,74.0,449.62,100.0,131299,137.9253536816202
955.035,2026-09-18T22:51:24.415489+00:00,GPU-00b80185-a51c-ac5b-84b1-c291bcf5025f,2370.0,10251.0,74.0,449.72,100.0,131989,138.00030927727394
960.038,2026-09-18T22:51:29.418335+00:00,GPU-00b80185-a51c-ac5b-84b1-c291bcf5025f,2370.0,10251.0,74.0,449.65,100.0,132680,138.12138123856332
965.039,2026-09-18T22:51:34.419576+00:00,GPU-00b80185-a51c-ac5b-84b1-c291bcf5025f,2370.0,10251.0,74.0,449.68,100.0,133370,137.9657709166489
970.04,2026-09-18T22:51:39.420430+00:00,GPU-00b80185-a51c-ac5b-84b1-c291bcf5025f,2370.0,10251.0,74.0,449.59,100.0,134059,137.7764607878207
975.033,2026-09-18T22:51:44.413893+00:00,GPU-00b80185-a51c-ac5b-84b1-c291bcf5025f,2370.0,10251.0,74.0,449.75,100.0,134749,138.18066949642142
980.033,2026-09-18T22:51:49.413593+00:00,GPU-00b80185-a51c-ac5b-84b1-c291bcf5025f,2370.0,10251.0,74.0,449.81,100.0,135439,138.00827199925914
985.032,2026-09-18T22:51:54.412957+00:00,GPU-00b80185-a51c-ac5b-84b1-c291bcf5025f,2370.0,10251.0,74.0,449.8,100.0,136129,138.01755861503528
990.034,2026-09-18T22:51:59.414833+00:00,GPU-00b80185-a51c-ac5b-84b1-c291bcf5025f,2370.0,10251.0,74.0,449.63,100.0,136819,137.94823862601527
995.033,2026-09-18T22:52:04.413388+00:00,GPU-00b80185-a51c-ac5b-84b1-c291bcf5025f,2370.0,10251.0,74.0,449.79,100.0,137509,138.03989504832688
1000.032,2026-09-18T22:52:09.412583+00:00,GPU-00b80185-a51c-ac5b-84b1-c291bcf5025f,2370.0,10251.0,74.0,449.53,100.0,138199,138.02224517768386
1005.037,2026-09-18T22:52:14.417843+00:00,GPU-00b80185-a51c-ac5b-84b1-c291bcf5025f,2370.0,10251.0,74.0,449.7,100.0,138890,138.0547732185376
1010.039,2026-09-18T22:52:19.420015+00:00,GPU-00b80185-a51c-ac5b-84b1-c291bcf5025f,2370.0,10251.0,74.0,449.57,100.0,139581,138.13997900539889
1015.037,2026-09-18T22:52:24.417329+00:00,GPU-00b80185-a51c-ac5b-84b1-c291bcf5025f,2370.0,10251.0,74.0,449.61,100.0,140271,138.07415433885186
1020.038,2026-09-18T22:52:29.418947+00:00,GPU-00b80185-a51c-ac5b-84b1-c291bcf5025f,2370.0,10251.0,74.0,449.73,100.0,140961,137.95534044235882
1025.036,2026-09-18T22:52:34.416650+00:00,GPU-00b80185-a51c-ac5b-84b1-c291bcf5025f,2370.0,10251.0,74.0,449.58,100.0,141651,138.0634110820552
1030.039,2026-09-18T22:52:39.419764+00:00,GPU-00b80185-a51c-ac5b-84b1-c291bcf5025f,2370.0,10251.0,74.0,449.65,100.0,142341,137.91414693888248
1035.034,2026-09-18T22:52:44.414737+00:00,GPU-00b80185-a51c-ac5b-84b1-c291bcf5025f,2370.0,10251.0,74.0,449.54,100.0,143031,138.13888637634494
1040.033,2026-09-18T22:52:49.413228+00:00,GPU-00b80185-a51c-ac5b-84b1-c291bcf5025f,2370.0,10251.0,74.0,449.62,100.0,143721,138.04163987225684
1045.034,2026-09-18T22:52:54.414212+00:00,GPU-00b80185-a51c-ac5b-84b1-c291bcf5025f,2370.0,10251.0,74.0,449.62,100.0,144411,137.97290084940917
1050.034,2026-09-18T22:52:59.414135+00:00,GPU-00b80185-a51c-ac5b-84b1-c291bcf5025f,2370.0,10251.0,74.0,449.69,100.0,145101,138.00209258391578
1055.035,2026-09-18T22:53:04.415638+00:00,GPU-00b80185-a51c-ac5b-84b1-c291bcf5025f,2370.0,10251.0,74.0,449.8,100.0,145791,137.95852334548505
1060.034,2026-09-18T22:53:09.414238+00:00,GPU-00b80185-a51c-ac5b-84b1-c291bcf5025f,2370.0,10251.0,74.0,449.61,100.0,146481,138.03865723771844
1065.033,2026-09-18T22:53:14.413901+00:00,GPU-00b80185-a51c-ac5b-84b1-c291bcf5025f,2370.0,10251.0,74.0,449.67,100.0,147170,137.8093246188943
1070.032,2026-09-18T22:53:19.412208+00:00,GPU-00b80185-a51c-ac5b-84b1-c291bcf5025f,2370.0,10251.0,74.0,449.58,100.0,147860,138.04669681869657
1075.039,2026-09-18T22:53:24.419207+00:00,GPU-00b80185-a51c-ac5b-84b1-c291bcf5025f,2370.0,10251.0,74.0,449.66,100.0,148551,138.00687676370694
1080.04,2026-09-18T22:53:29.420269+00:00,GPU-00b80185-a51c-ac5b-84b1-c291bcf5025f,2370.0,10251.0,74.0,449.73,100.0,149242,138.17058240649962
1085.04,2026-09-18T22:53:34.420996+00:00,GPU-00b80185-a51c-ac5b-84b1-c291bcf5025f,2400.0,10251.0,74.0,449.87,100.0,149926,136.78016603065018
1090.04,2026-09-18T22:53:39.420330+00:00,GPU-00b80185-a51c-ac5b-84b1-c291bcf5025f,2370.0,10251.0,74.0,449.82,100.0,150616,138.01834846284459
1095.039,2026-09-18T22:53:44.419852+00:00,GPU-00b80185-a51c-ac5b-84b1-c291bcf5025f,2370.0,10251.0,74.0,449.85,100.0,151304,137.61316974790975
1100.032,2026-09-18T22:53:49.412638+00:00,GPU-00b80185-a51c-ac5b-84b1-c291bcf5025f,2370.0,10251.0,74.0,449.78,100.0,151992,137.79881804640044
1105.032,2026-09-18T22:53:54.412941+00:00,GPU-00b80185-a51c-ac5b-84b1-c291bcf5025f,2370.0,10251.0,74.0,449.76,100.0,152684,138.39160603890983
1110.032,2026-09-18T22:53:59.412342+00:00,GPU-00b80185-a51c-ac5b-84b1-c291bcf5025f,2370.0,10251.0,74.0,449.71,100.0,153375,138.2165228282323
1115.039,2026-09-18T22:54:04.419041+00:00,GPU-00b80185-a51c-ac5b-84b1-c291bcf5025f,2370.0,10251.0,74.0,449.76,100.0,154068,138.41471460899265
1120.04,2026-09-18T22:54:09.420101+00:00,GPU-00b80185-a51c-ac5b-84b1-c291bcf5025f,2370.0,10251.0,74.0,449.71,100.0,154759,138.17060875484202
1125.04,2026-09-18T22:54:14.420118+00:00,GPU-00b80185-a51c-ac5b-84b1-c291bcf5025f,2370.0,10251.0,74.0,449.96,100.0,155450,138.19947281084896
1130.033,2026-09-18T22:54:19.413704+00:00,GPU-00b80185-a51c-ac5b-84b1-c291bcf5025f,2385.0,10251.0,74.0,449.87,100.0,156139,137.97701490335345
1135.04,2026-09-18T22:54:24.420031+00:00,GPU-00b80185-a51c-ac5b-84b1-c291bcf5025f,2370.0,10251.0,74.0,449.95,100.0,156831,138.22507260194513
1140.035,2026-09-18T22:54:29.415467+00:00,GPU-00b80185-a51c-ac5b-84b1-c291bcf5025f,2370.0,10251.0,74.0,449.71,100.0,157520,137.92591980269157
1145.039,2026-09-18T22:54:34.419283+00:00,GPU-00b80185-a51c-ac5b-84b1-c291bcf5025f,2370.0,10251.0,74.0,449.85,100.0,158211,138.09460925001875
1150.034,2026-09-18T22:54:39.414558+00:00,GPU-00b80185-a51c-ac5b-84b1-c291bcf5025f,2370.0,10251.0,74.0,449.93,100.0,158895,136.92939771671055
1155.039,2026-09-18T22:54:44.419205+00:00,GPU-00b80185-a51c-ac5b-84b1-c291bcf5025f,2370.0,10251.0,74.0,449.65,100.0,159582,137.27246433758003
1160.038,2026-09-18T22:54:49.418244+00:00,GPU-00b80185-a51c-ac5b-84b1-c291bcf5025f,2370.0,10251.0,74.0,449.62,100.0,160271,137.82644603819168
1165.04,2026-09-18T22:54:54.420640+00:00,GPU-00b80185-a51c-ac5b-84b1-c291bcf5025f,2385.0,10251.0,74.0,451.49,100.0,160960,137.73398180079167
1170.038,2026-09-18T22:54:59.418969+00:00,GPU-00b80185-a51c-ac5b-84b1-c291bcf5025f,2370.0,10251.0,74.0,449.65,100.0,161649,137.8460570965803
1175.038,2026-09-18T22:55:04.418398+00:00,GPU-00b80185-a51c-ac5b-84b1-c291bcf5025f,2370.0,10251.0,74.0,449.78,100.0,162339,138.01578807237556
1180.032,2026-09-18T22:55:09.412112+00:00,GPU-00b80185-a51c-ac5b-84b1-c291bcf5025f,2370.0,10251.0,74.0,449.72,100.0,163028,137.97363549174776
1185.033,2026-09-18T22:55:14.413282+00:00,GPU-00b80185-a51c-ac5b-84b1-c291bcf5025f,2370.0,10251.0,74.0,449.81,100.0,163719,138.16746019907364
1190.033,2026-09-18T22:55:19.413274+00:00,GPU-00b80185-a51c-ac5b-84b1-c291bcf5025f,2370.0,10251.0,74.0,449.8,100.0,164409,138.00023689310686
1195.034,2026-09-18T22:55:24.414492+00:00,GPU-00b80185-a51c-ac5b-84b1-c291bcf5025f,2370.0,10251.0,74.0,449.99,100.0,165099,137.96639574291922
1207.408,2026-09-18T22:55:36.788685+00:00,GPU-00b80185-a51c-ac5b-84b1-c291bcf5025f,2370.0,10251.0,74.0,449.83,100.0,165785,55.43796421202609
